date,signal_asof_date,symbol,trade_value,commission,slippage,total_cost,target_weight
2016-02-01,2016-01-29,AAPL,20000.0,10.0,10.0,20.0,0.2
2016-02-01,2016-01-29,MSFT,20000.0,10.0,10.0,20.0,0.2
2016-02-01,2016-01-29,AMZN,20000.0,10.0,10.0,20.0,0.2
2016-02-01,2016-01-29,META,20000.0,10.0,10.0,20.0,0.2
2016-02-01,2016-01-29,XLV,19999.999999999996,9.999999999999998,9.999999999999998,19.999999999999996,0.19999999999999996
2016-03-01,2016-02-29,MSFT,-21094.23728110551,10.547118640552755,10.547118640552755,21.09423728110551,0.0
2016-03-01,2016-02-29,NVDA,21094.23728110551,10.547118640552755,10.547118640552755,21.09423728110551,0.2
2016-04-01,2016-03-31,MSFT,21195.674319857735,10.597837159928869,10.597837159928869,21.195674319857737,0.2
2016-04-01,2016-03-31,XLV,-21195.67431985773,10.597837159928867,10.597837159928867,21.195674319857734,0.0
2016-05-02,2016-04-29,MSFT,-20701.23534145435,10.350617670727175,10.350617670727175,20.70123534145435,0.0
2016-05-02,2016-04-29,XLV,20701.235341454347,10.350617670727173,10.350617670727173,20.701235341454346,0.19999999999999996
2016-06-01,2016-05-31,MSFT,21639.36758227392,10.81968379113696,10.81968379113696,21.63936758227392,0.2
2016-06-01,2016-05-31,NVDA,-21639.36758227392,10.81968379113696,10.81968379113696,21.63936758227392,0.0
2016-07-01,2016-06-30,AAPL,-21982.513065989162,10.991256532994582,10.991256532994582,21.982513065989163,0.0
2016-07-01,2016-06-30,JPM,21982.513065989162,10.991256532994582,10.991256532994582,21.982513065989163,0.2
2016-08-01,2016-07-29,AAPL,22360.744513980226,11.180372256990113,11.180372256990113,22.360744513980226,0.2
2016-08-01,2016-07-29,META,-22360.744513980226,11.180372256990113,11.180372256990113,22.360744513980226,0.0
2016-09-01,2016-08-31,AAPL,-21774.767740718078,10.88738387035904,10.88738387035904,21.77476774071808,0.0
2016-09-01,2016-08-31,META,21774.767740718078,10.88738387035904,10.88738387035904,21.77476774071808,0.2
2016-09-01,2016-08-31,GOOGL,21774.767740718078,10.88738387035904,10.88738387035904,21.77476774071808,0.2
2016-09-01,2016-08-31,JPM,-21774.767740718078,10.88738387035904,10.88738387035904,21.77476774071808,0.0
2016-10-03,2016-09-30,NVDA,23028.7776241001,11.51438881205005,11.51438881205005,23.0287776241001,0.2
2016-10-03,2016-09-30,META,-23028.7776241001,11.51438881205005,11.51438881205005,23.0287776241001,0.0
2016-11-01,2016-10-31,AAPL,22489.58643895897,11.244793219479485,11.244793219479485,22.48958643895897,0.2
2016-11-01,2016-10-31,GOOGL,-22489.58643895897,11.244793219479485,11.244793219479485,22.48958643895897,0.0
2016-12-01,2016-11-30,MSFT,-22000.126244713472,11.000063122356737,11.000063122356737,22.000126244713474,0.0
2016-12-01,2016-11-30,GOOGL,22000.126244713472,11.000063122356737,11.000063122356737,22.000126244713474,0.2
2017-01-02,2016-12-30,AAPL,-11244.363762260224,5.622181881130112,5.622181881130112,11.244363762260225,0.1
2017-01-02,2016-12-30,MSFT,11244.363762260224,5.622181881130112,5.622181881130112,11.244363762260225,0.1
2017-01-02,2016-12-30,NVDA,-22488.727524520447,11.244363762260225,11.244363762260225,22.48872752452045,0.0
2017-01-02,2016-12-30,AMZN,-11244.363762260224,5.622181881130112,5.622181881130112,11.244363762260225,0.1
2017-01-02,2016-12-30,GOOGL,-11244.363762260224,5.622181881130112,5.622181881130112,11.244363762260225,0.1
2017-01-02,2016-12-30,XLV,-11244.36376226022,5.6221818811301105,5.6221818811301105,11.244363762260221,0.09999999999999998
2017-02-01,2017-01-31,AAPL,-11213.846957990374,5.606923478995187,5.606923478995187,11.213846957990373,0.0
2017-02-01,2017-01-31,JPM,11213.846957990374,5.606923478995187,5.606923478995187,11.213846957990373,0.1
2017-04-03,2017-03-31,AAPL,11322.368863015607,5.661184431507803,5.661184431507803,11.322368863015607,0.1
2017-04-03,2017-03-31,MSFT,-11322.368863015607,5.661184431507803,5.661184431507803,11.322368863015607,0.0
2017-05-01,2017-04-28,AAPL,10981.34116999529,5.490670584997646,5.490670584997646,10.981341169995291,0.2
2017-05-01,2017-04-28,AMZN,10981.34116999529,5.490670584997646,5.490670584997646,10.981341169995291,0.2
2017-05-01,2017-04-28,GOOGL,10981.34116999529,5.490670584997646,5.490670584997646,10.981341169995291,0.2
2017-05-01,2017-04-28,JPM,10981.341169995287,5.490670584997644,5.490670584997644,10.981341169995288,0.19999999999999998
2017-05-01,2017-04-28,XLV,10981.341169995292,5.4906705849976465,5.4906705849976465,10.981341169995293,0.2
2017-06-01,2017-05-31,AAPL,-16751.4305569007,8.37571527845035,8.37571527845035,16.7514305569007,0.05
2017-06-01,2017-05-31,AMZN,-16751.4305569007,8.37571527845035,8.37571527845035,16.7514305569007,0.05
2017-06-01,2017-05-31,GOOGL,-16751.4305569007,8.37571527845035,8.37571527845035,16.7514305569007,0.05
2017-06-01,2017-05-31,JPM,-16751.430556900697,8.375715278450349,8.375715278450349,16.751430556900697,0.04999999999999998
2017-06-01,2017-05-31,XLV,-16751.4305569007,8.37571527845035,8.37571527845035,16.7514305569007,0.05
2017-07-03,2017-06-30,META,5570.490512955685,2.7852452564778423,2.7852452564778423,5.5704905129556845,0.05
2017-07-03,2017-06-30,JPM,-5570.490512955683,2.7852452564778414,2.7852452564778414,5.570490512955683,0.0
2017-08-01,2017-07-31,MSFT,5628.382098978793,2.8141910494893962,2.8141910494893962,5.6283820989787925,0.05
2017-08-01,2017-07-31,META,-5628.382098978793,2.8141910494893962,2.8141910494893962,5.6283820989787925,0.0
2017-08-01,2017-07-31,GOOGL,-5628.382098978792,2.814191049489396,2.814191049489396,5.628382098978792,0.0
2017-08-01,2017-07-31,JPM,5628.382098978792,2.814191049489396,2.814191049489396,5.628382098978792,0.04999999999999999
2017-09-01,2017-08-31,MSFT,-5554.786436082258,2.777393218041129,2.777393218041129,5.554786436082258,0.0
2017-09-01,2017-08-31,META,5554.786436082258,2.777393218041129,2.777393218041129,5.554786436082258,0.05
2017-10-02,2017-09-29,MSFT,5580.287503994015,2.790143751997008,2.790143751997008,5.580287503994016,0.05
2017-10-02,2017-09-29,META,-5580.287503994015,2.790143751997008,2.790143751997008,5.580287503994016,0.0
2017-11-01,2017-10-31,AAPL,-5632.293188067347,2.8161465940336736,2.8161465940336736,5.632293188067347,0.0
2017-11-01,2017-10-31,MSFT,16896.879564202045,8.448439782101023,8.448439782101023,16.896879564202045,0.2
2017-11-01,2017-10-31,AMZN,16896.879564202045,8.448439782101023,8.448439782101023,16.896879564202045,0.2
2017-11-01,2017-10-31,GOOGL,22529.172752269395,11.264586376134698,11.264586376134698,22.529172752269396,0.2
2017-11-01,2017-10-31,JPM,16896.879564202045,8.448439782101023,8.448439782101023,16.896879564202045,0.2
2017-11-01,2017-10-31,XLV,16896.87956420204,8.44843978210102,8.44843978210102,16.89687956420204,0.19999999999999996
2018-01-01,2017-12-29,AAPL,22537.36869728603,11.268684348643015,11.268684348643015,22.53736869728603,0.2
2018-01-01,2017-12-29,MSFT,-22537.36869728603,11.268684348643015,11.268684348643015,22.53736869728603,0.0
2018-02-01,2018-01-31,MSFT,21676.823399389952,10.838411699694976,10.838411699694976,21.676823399389953,0.2
2018-02-01,2018-01-31,GOOGL,-21676.823399389952,10.838411699694976,10.838411699694976,21.676823399389953,0.0
2018-03-01,2018-02-28,AAPL,-10519.834020189179,5.25991701009459,5.25991701009459,10.51983402018918,0.1
2018-03-01,2018-02-28,MSFT,-21039.668040378358,10.51983402018918,10.51983402018918,21.03966804037836,0.0
2018-03-01,2018-02-28,AMZN,-10519.834020189179,5.25991701009459,5.25991701009459,10.51983402018918,0.1
2018-03-01,2018-02-28,GOOGL,10519.834020189179,5.25991701009459,5.25991701009459,10.51983402018918,0.1
2018-03-01,2018-02-28,JPM,-10519.834020189179,5.25991701009459,5.25991701009459,10.51983402018918,0.1
2018-03-01,2018-02-28,XLV,-10519.834020189177,5.259917010094589,5.259917010094589,10.519834020189178,0.09999999999999998
2018-04-02,2018-03-30,AAPL,10630.12355474208,5.3150617773710405,5.3150617773710405,10.630123554742081,0.2
2018-04-02,2018-03-30,AMZN,10630.12355474208,5.3150617773710405,5.3150617773710405,10.630123554742081,0.2
2018-04-02,2018-03-30,GOOGL,10630.12355474208,5.3150617773710405,5.3150617773710405,10.630123554742081,0.2
2018-04-02,2018-03-30,JPM,10630.12355474208,5.3150617773710405,5.3150617773710405,10.630123554742081,0.2
2018-04-02,2018-03-30,XLV,10630.123554742077,5.315061777371039,5.315061777371039,10.630123554742077,0.19999999999999996
2018-05-01,2018-04-30,AAPL,-21365.67880483116,10.682839402415581,10.682839402415581,21.365678804831163,0.0
2018-05-01,2018-04-30,NVDA,21365.67880483116,10.682839402415581,10.682839402415581,21.365678804831163,0.2
2018-05-01,2018-04-30,META,21365.67880483116,10.682839402415581,10.682839402415581,21.365678804831163,0.2
2018-05-01,2018-04-30,JPM,-21365.67880483116,10.682839402415581,10.682839402415581,21.365678804831163,0.0
2018-06-01,2018-05-31,MSFT,5507.657749964225,2.753828874982113,2.753828874982113,5.507657749964226,0.05
2018-06-01,2018-05-31,NVDA,-16522.973249892675,8.261486624946338,8.261486624946338,16.522973249892676,0.05
2018-06-01,2018-05-31,AMZN,-16522.973249892675,8.261486624946338,8.261486624946338,16.522973249892676,0.05
2018-06-01,2018-05-31,META,-22030.6309998569,11.015315499928452,11.015315499928452,22.030630999856903,0.0
2018-06-01,2018-05-31,GOOGL,-22030.6309998569,11.015315499928452,11.015315499928452,22.030630999856903,0.0
2018-06-01,2018-05-31,JPM,5507.657749964225,2.753828874982113,2.753828874982113,5.507657749964226,0.05
2018-06-01,2018-05-31,XLV,-16522.97324989267,8.261486624946336,8.261486624946336,16.522973249892672,0.04999999999999999
2018-07-02,2018-06-29,GOOGL,5539.67586592,2.7698379329600002,2.7698379329600002,5.5396758659200005,0.05
2018-07-02,2018-06-29,XLV,-5539.675865919999,2.7698379329599994,2.7698379329599994,5.539675865919999,0.0
2018-08-01,2018-07-31,MSFT,5595.26069102957,2.797630345514785,2.797630345514785,5.59526069102957,0.1
2018-08-01,2018-07-31,NVDA,5595.260691029572,2.797630345514786,2.797630345514786,5.595260691029572,0.1
2018-08-01,2018-07-31,AMZN,5595.260691029572,2.797630345514786,2.797630345514786,5.595260691029572,0.1
2018-08-01,2018-07-31,GOOGL,5595.26069102957,2.797630345514785,2.797630345514785,5.59526069102957,0.1
2018-08-01,2018-07-31,JPM,5595.260691029567,2.7976303455147837,2.7976303455147837,5.5952606910295675,0.09999999999999998
2018-09-03,2018-08-31,MSFT,-5513.64025678804,2.7568201283940197,2.7568201283940197,5.513640256788039,0.05
2018-09-03,2018-08-31,NVDA,-5513.64025678804,2.7568201283940197,2.7568201283940197,5.513640256788039,0.05
2018-09-03,2018-08-31,AMZN,-5513.64025678804,2.7568201283940197,2.7568201283940197,5.513640256788039,0.05
2018-09-03,2018-08-31,GOOGL,-5513.64025678804,2.7568201283940197,2.7568201283940197,5.513640256788039,0.05
2018-09-03,2018-08-31,JPM,-5513.640256788039,2.7568201283940192,2.7568201283940192,5.5136402567880385,0.04999999999999999
2018-11-01,2018-10-31,AAPL,5538.395595957468,2.769197797978734,2.769197797978734,5.538395595957468,0.05
2018-11-01,2018-10-31,AMZN,-5538.395595957468,2.769197797978734,2.769197797978734,5.538395595957468,0.0
2018-11-01,2018-10-31,GOOGL,-5538.395595957468,2.769197797978734,2.769197797978734,5.538395595957468,0.0
2018-11-01,2018-10-31,XLV,5538.395595957466,2.769197797978733,2.769197797978733,5.538395595957466,0.04999999999999999
2018-12-03,2018-11-30,AAPL,-5549.716041854934,2.774858020927467,2.774858020927467,5.549716041854934,0.0
2018-12-03,2018-11-30,AMZN,5549.716041854934,2.774858020927467,2.774858020927467,5.549716041854934,0.05
2019-01-01,2018-12-31,AAPL,5575.298272244963,2.7876491361224818,2.7876491361224818,5.5752982722449635,0.05
2019-01-01,2018-12-31,NVDA,-5575.298272244963,2.7876491361224818,2.7876491361224818,5.5752982722449635,0.0
2019-02-01,2019-01-31,META,5616.356942541359,2.8081784712706797,2.8081784712706797,5.616356942541359,0.05
2019-02-01,2019-01-31,XLV,-5616.356942541357,2.8081784712706788,2.8081784712706788,5.6163569425413575,0.0
2019-03-01,2019-02-28,AAPL,5623.135127771645,2.8115675638858226,2.8115675638858226,5.623135127771645,0.1
2019-03-01,2019-02-28,MSFT,5623.135127771645,2.8115675638858226,2.8115675638858226,5.623135127771645,0.1
2019-03-01,2019-02-28,AMZN,-5623.135127771645,2.8115675638858226,2.8115675638858226,5.623135127771645,0.0
2019-03-01,2019-02-28,META,5623.135127771645,2.8115675638858226,2.8115675638858226,5.623135127771645,0.1
2019-03-01,2019-02-28,JPM,5623.135127771646,2.811567563885823,2.811567563885823,5.623135127771646,0.1
2019-03-01,2019-02-28,XLV,11246.270255543286,5.6231351277716435,5.6231351277716435,11.246270255543287,0.09999999999999998
2019-05-01,2019-04-30,AAPL,-11558.953818365246,5.779476909182623,5.779476909182623,11.558953818365246,0.0
2019-05-01,2019-04-30,MSFT,-5779.476909182623,2.8897384545913116,2.8897384545913116,5.779476909182623,0.05
2019-05-01,2019-04-30,META,-5779.476909182623,2.8897384545913116,2.8897384545913116,5.779476909182623,0.05
2019-05-01,2019-04-30,GOOGL,5779.476909182623,2.8897384545913116,2.8897384545913116,5.779476909182623,0.05
2019-05-01,2019-04-30,JPM,-5779.476909182623,2.8897384545913116,2.8897384545913116,5.779476909182623,0.05
2019-05-01,2019-04-30,XLV,-5779.476909182621,2.8897384545913107,2.8897384545913107,5.7794769091826215,0.04999999999999999
2019-06-03,2019-05-31,MSFT,5813.447024246261,2.9067235121231305,2.9067235121231305,5.813447024246261,0.1
2019-06-03,2019-05-31,META,5813.447024246261,2.9067235121231305,2.9067235121231305,5.813447024246261,0.1
2019-06-03,2019-05-31,GOOGL,5813.447024246258,2.9067235121231287,2.9067235121231287,5.8134470242462575,0.09999999999999998
2019-06-03,2019-05-31,JPM,5813.447024246261,2.9067235121231305,2.9067235121231305,5.813447024246261,0.1
2019-06-03,2019-05-31,XLV,5813.447024246263,2.9067235121231314,2.9067235121231314,5.813447024246263,0.1
2019-08-01,2019-07-31,AAPL,12105.557500654075,6.052778750327038,6.052778750327038,12.105557500654076,0.1
2019-08-01,2019-07-31,JPM,-12105.557500654075,6.052778750327038,6.052778750327038,12.105557500654076,0.0
2019-10-01,2019-09-30,NVDA,11979.402381836951,5.989701190918476,5.989701190918476,11.979402381836952,0.1
2019-10-01,2019-09-30,META,-11979.402381836951,5.989701190918476,5.989701190918476,11.979402381836952,0.0
2019-11-01,2019-10-31,NVDA,-12154.054099426432,6.077027049713216,6.077027049713216,12.154054099426432,0.0
2019-11-01,2019-10-31,META,12154.054099426432,6.077027049713216,6.077027049713216,12.154054099426432,0.1
2019-12-02,2019-11-29,AAPL,-12165.141273073585,6.082570636536793,6.082570636536793,12.165141273073585,0.0
2019-12-02,2019-11-29,NVDA,12165.141273073585,6.082570636536793,6.082570636536793,12.165141273073585,0.1
2020-01-01,2019-12-31,AAPL,12272.354655913092,6.136177327956546,6.136177327956546,12.272354655913093,0.1
2020-01-01,2019-12-31,META,-12272.354655913092,6.136177327956546,6.136177327956546,12.272354655913093,0.0
2020-02-03,2020-01-31,AAPL,-12107.440603174531,6.053720301587266,6.053720301587266,12.107440603174531,0.0
2020-02-03,2020-01-31,MSFT,-6053.720301587266,3.026860150793633,3.026860150793633,6.053720301587266,0.05
2020-02-03,2020-01-31,NVDA,-6053.720301587266,3.026860150793633,3.026860150793633,6.053720301587266,0.05
2020-02-03,2020-01-31,META,6053.720301587266,3.026860150793633,3.026860150793633,6.053720301587266,0.05
2020-02-03,2020-01-31,GOOGL,-6053.720301587262,3.026860150793631,3.026860150793631,6.053720301587262,0.05
2020-02-03,2020-01-31,XLV,-6053.7203015872665,3.0268601507936332,3.0268601507936332,6.0537203015872665,0.04999999999999999
2020-03-02,2020-02-28,AAPL,6093.343514533951,3.0466717572669757,3.0466717572669757,6.093343514533951,0.05
2020-03-02,2020-02-28,MSFT,-6093.343514533951,3.0466717572669757,3.0466717572669757,6.093343514533951,0.0
2020-03-02,2020-02-28,AMZN,6093.343514533951,3.0466717572669757,3.0466717572669757,6.093343514533951,0.05
2020-03-02,2020-02-28,META,-6093.343514533951,3.0466717572669757,3.0466717572669757,6.093343514533951,0.0
2020-04-01,2020-03-31,AAPL,-6044.774783956171,3.0223873919780853,3.0223873919780853,6.0447747839561705,0.0
2020-04-01,2020-03-31,NVDA,18134.324351868516,9.067162175934259,9.067162175934259,18.134324351868518,0.2
2020-04-01,2020-03-31,AMZN,18134.324351868516,9.067162175934259,9.067162175934259,18.134324351868518,0.2
2020-04-01,2020-03-31,META,24179.099135824683,12.089549567912341,12.089549567912341,24.179099135824682,0.2
2020-04-01,2020-03-31,GOOGL,18134.324351868516,9.067162175934259,9.067162175934259,18.134324351868518,0.2
2020-04-01,2020-03-31,XLV,18134.32435186851,9.067162175934255,9.067162175934255,18.13432435186851,0.19999999999999996
2020-06-01,2020-05-29,AAPL,24993.529445691063,12.496764722845532,12.496764722845532,24.993529445691063,0.2
2020-06-01,2020-05-29,META,-24993.529445691063,12.496764722845532,12.496764722845532,24.993529445691063,0.0
2020-07-01,2020-06-30,META,26049.70750429135,13.024853752145676,13.024853752145676,26.04970750429135,0.2
2020-07-01,2020-06-30,GOOGL,-26049.70750429135,13.024853752145676,13.024853752145676,26.04970750429135,0.0
2020-08-03,2020-07-31,AMZN,-25285.63421263282,12.64281710631641,12.64281710631641,25.28563421263282,0.0
2020-08-03,2020-07-31,GOOGL,25285.63421263282,12.64281710631641,12.64281710631641,25.28563421263282,0.2
2020-09-01,2020-08-31,GOOGL,-24700.021084949774,12.350010542474887,12.350010542474887,24.700021084949775,0.0
2020-09-01,2020-08-31,JPM,24700.021084949774,12.350010542474887,12.350010542474887,24.700021084949775,0.2
2020-10-01,2020-09-30,AAPL,-24725.35106215423,12.362675531077116,12.362675531077116,24.725351062154232,0.0
2020-10-01,2020-09-30,GOOGL,24725.35106215423,12.362675531077116,12.362675531077116,24.725351062154232,0.2
2021-01-01,2020-12-31,AMZN,24481.62890506233,12.240814452531165,12.240814452531165,24.48162890506233,0.2
2021-01-01,2020-12-31,GOOGL,-24481.62890506233,12.240814452531165,12.240814452531165,24.48162890506233,0.0
2021-02-01,2021-01-29,AAPL,24649.84765058464,12.324923825292322,12.324923825292322,24.649847650584643,0.2
2021-02-01,2021-01-29,AMZN,-24649.84765058464,12.324923825292322,12.324923825292322,24.649847650584643,0.0
2021-02-01,2021-01-29,META,-24649.84765058464,12.324923825292322,12.324923825292322,24.649847650584643,0.0
2021-02-01,2021-01-29,GOOGL,24649.84765058464,12.324923825292322,12.324923825292322,24.649847650584643,0.2
2021-03-01,2021-02-26,AMZN,24853.559109244834,12.426779554622417,12.426779554622417,24.853559109244834,0.2
2021-03-01,2021-02-26,GOOGL,-24853.559109244834,12.426779554622417,12.426779554622417,24.853559109244834,0.0
2021-04-01,2021-03-31,AAPL,-17432.623894707842,8.71631194735392,8.71631194735392,17.43262389470784,0.05
2021-04-01,2021-03-31,MSFT,5810.874631569281,2.9054373157846403,2.9054373157846403,5.8108746315692805,0.05
2021-04-01,2021-03-31,NVDA,-17432.623894707842,8.71631194735392,8.71631194735392,17.43262389470784,0.05
2021-04-01,2021-03-31,AMZN,-23243.498526277122,11.621749263138561,11.621749263138561,23.243498526277122,0.0
2021-04-01,2021-03-31,JPM,-17432.623894707842,8.71631194735392,8.71631194735392,17.43262389470784,0.04999999999999999
2021-04-01,2021-03-31,XLV,-17432.623894707835,8.716311947353917,8.716311947353917,17.432623894707834,0.05
2021-05-03,2021-04-30,AAPL,-5732.430875326706,2.866215437663353,2.866215437663353,5.732430875326706,0.0
2021-05-03,2021-04-30,AMZN,5732.430875326707,2.8662154376633535,2.8662154376633535,5.732430875326707,0.05
2021-06-01,2021-05-31,AMZN,-5771.152047409824,2.885576023704912,2.885576023704912,5.771152047409824,0.0
2021-06-01,2021-05-31,GOOGL,5771.152047409824,2.885576023704912,2.885576023704912,5.771152047409824,0.05
2021-07-01,2021-06-30,AAPL,23207.767797910157,11.603883898955079,11.603883898955079,23.207767797910158,0.2
2021-07-01,2021-06-30,MSFT,-5801.941949477539,2.9009709747387697,2.9009709747387697,5.8019419494775395,0.0
2021-07-01,2021-06-30,NVDA,17405.82584843262,8.70291292421631,8.70291292421631,17.40582584843262,0.2
2021-07-01,2021-06-30,AMZN,23207.767797910157,11.603883898955079,11.603883898955079,23.207767797910158,0.2
2021-07-01,2021-06-30,GOOGL,-5801.941949477539,2.9009709747387697,2.9009709747387697,5.8019419494775395,0.0
2021-07-01,2021-06-30,JPM,17405.82584843262,8.70291292421631,8.70291292421631,17.40582584843262,0.2
2021-07-01,2021-06-30,XLV,17405.825848432614,8.702912924216307,8.702912924216307,17.405825848432613,0.19999999999999996
2021-08-02,2021-07-30,AMZN,-23341.252385951437,11.67062619297572,11.67062619297572,23.34125238595144,0.0
2021-08-02,2021-07-30,GOOGL,23341.252385951437,11.67062619297572,11.67062619297572,23.34125238595144,0.2
2021-09-01,2021-08-31,AMZN,24214.70275252978,12.10735137626489,12.10735137626489,24.21470275252978,0.2
2021-09-01,2021-08-31,GOOGL,-24214.70275252978,12.10735137626489,12.10735137626489,24.21470275252978,0.0
2021-11-01,2021-10-29,MSFT,23508.48937707793,11.754244688538966,11.754244688538966,23.508489377077932,0.2
2021-11-01,2021-10-29,JPM,-23508.48937707793,11.754244688538966,11.754244688538966,23.508489377077932,0.0
2021-12-01,2021-11-30,AAPL,-11942.798633145494,5.9713993165727475,5.9713993165727475,11.942798633145495,0.1
2021-12-01,2021-11-30,MSFT,-11942.798633145494,5.9713993165727475,5.9713993165727475,11.942798633145495,0.1
2021-12-01,2021-11-30,NVDA,-11942.798633145494,5.9713993165727475,5.9713993165727475,11.942798633145495,0.1
2021-12-01,2021-11-30,AMZN,-23885.597266290988,11.942798633145495,11.942798633145495,23.88559726629099,0.0
2021-12-01,2021-11-30,GOOGL,11942.798633145494,5.9713993165727475,5.9713993165727475,11.942798633145495,0.1
2021-12-01,2021-11-30,XLV,-11942.79863314549,5.971399316572746,5.971399316572746,11.942798633145491,0.09999999999999998
2022-01-03,2021-12-31,AAPL,11948.407280993786,5.974203640496893,5.974203640496893,11.948407280993786,0.2
2022-01-03,2021-12-31,MSFT,-11948.407280993786,5.974203640496893,5.974203640496893,11.948407280993786,0.0
2022-01-03,2021-12-31,NVDA,11948.407280993786,5.974203640496893,5.974203640496893,11.948407280993786,0.2
2022-01-03,2021-12-31,AMZN,23896.814561987572,11.948407280993786,11.948407280993786,23.896814561987572,0.2
2022-01-03,2021-12-31,GOOGL,-11948.407280993786,5.974203640496893,5.974203640496893,11.948407280993786,0.0
2022-01-03,2021-12-31,JPM,23896.814561987572,11.948407280993786,11.948407280993786,23.896814561987572,0.2
2022-01-03,2021-12-31,XLV,11948.407280993786,5.974203640496893,5.974203640496893,11.948407280993786,0.19999999999999998
2022-02-01,2022-01-31,META,24707.93474702928,12.35396737351464,12.35396737351464,24.70793474702928,0.2
2022-02-01,2022-01-31,JPM,-24707.93474702928,12.35396737351464,12.35396737351464,24.70793474702928,0.0
2022-03-01,2022-02-28,NVDA,-24948.61567693159,12.474307838465794,12.474307838465794,24.94861567693159,0.0
2022-03-01,2022-02-28,GOOGL,24948.61567693159,12.474307838465794,12.474307838465794,24.94861567693159,0.2
2022-04-01,2022-03-31,NVDA,27230.789486330534,13.615394743165266,13.615394743165266,27.230789486330533,0.2
2022-04-01,2022-03-31,AMZN,-27230.789486330534,13.615394743165266,13.615394743165266,27.230789486330533,0.0
2022-05-02,2022-04-29,NVDA,-27261.64575764385,13.630822878821926,13.630822878821926,27.26164575764385,0.0
2022-05-02,2022-04-29,JPM,27261.64575764385,13.630822878821926,13.630822878821926,27.26164575764385,0.2
2022-06-01,2022-05-31,MSFT,27876.088546891595,13.938044273445797,13.938044273445797,27.876088546891594,0.2
2022-06-01,2022-05-31,JPM,-27876.088546891595,13.938044273445797,13.938044273445797,27.876088546891594,0.0
2022-07-01,2022-06-30,AAPL,-19662.609718165048,9.831304859082524,9.831304859082524,19.662609718165047,0.05
2022-07-01,2022-06-30,MSFT,-19662.609718165048,9.831304859082524,9.831304859082524,19.662609718165047,0.05
2022-07-01,2022-06-30,META,-19662.609718165048,9.831304859082524,9.831304859082524,19.662609718165047,0.05
2022-07-01,2022-06-30,GOOGL,-19662.609718165048,9.831304859082524,9.831304859082524,19.662609718165047,0.04999999999999999
2022-07-01,2022-06-30,XLV,-19662.60971816504,9.83130485908252,9.83130485908252,19.66260971816504,0.05
2022-09-01,2022-08-31,AAPL,19466.10345187817,9.733051725939086,9.733051725939086,19.466103451878173,0.2
2022-09-01,2022-08-31,MSFT,-6488.701150626054,3.2443505753130273,3.2443505753130273,6.488701150626055,0.0
2022-09-01,2022-08-31,META,19466.10345187817,9.733051725939086,9.733051725939086,19.466103451878173,0.2
2022-09-01,2022-08-31,GOOGL,19466.10345187817,9.733051725939086,9.733051725939086,19.466103451878173,0.2
2022-09-01,2022-08-31,JPM,25954.804602504224,12.977402301252113,12.977402301252113,25.954804602504225,0.2
2022-09-01,2022-08-31,XLV,19466.10345187816,9.733051725939081,9.733051725939081,19.466103451878162,0.19999999999999996
2022-10-03,2022-09-30,AAPL,-26221.88025096276,13.110940125481381,13.110940125481381,26.221880250962762,0.0
2022-10-03,2022-09-30,MSFT,26221.88025096276,13.110940125481381,13.110940125481381,26.221880250962762,0.2
2022-11-01,2022-10-31,AAPL,26094.85354440415,13.047426772202076,13.047426772202076,26.094853544404153,0.2
2022-11-01,2022-10-31,JPM,-26094.85354440415,13.047426772202076,13.047426772202076,26.094853544404153,0.0
2022-12-01,2022-11-30,AAPL,-26730.55561838977,13.365277809194886,13.365277809194886,26.730555618389772,0.0
2022-12-01,2022-11-30,JPM,26730.555618389764,13.365277809194883,13.365277809194883,26.730555618389765,0.19999999999999996
2023-01-02,2022-12-30,AMZN,27402.056962523013,13.701028481261506,13.701028481261506,27.402056962523012,0.2
2023-01-02,2022-12-30,JPM,-27402.056962523005,13.701028481261503,13.701028481261503,27.402056962523005,0.0
2023-02-01,2023-01-31,NVDA,27440.117714956432,13.720058857478216,13.720058857478216,27.440117714956433,0.2
2023-02-01,2023-01-31,XLV,-27440.117714956425,13.720058857478213,13.720058857478213,27.440117714956425,0.0
2023-03-01,2023-02-28,MSFT,-13329.728785349835,6.664864392674917,6.664864392674917,13.329728785349834,0.1
2023-03-01,2023-02-28,NVDA,-13329.728785349835,6.664864392674917,6.664864392674917,13.329728785349834,0.1
2023-03-01,2023-02-28,AMZN,-26659.45757069967,13.329728785349834,13.329728785349834,26.65945757069967,0.0
2023-03-01,2023-02-28,META,-13329.728785349835,6.664864392674917,6.664864392674917,13.329728785349834,0.1
2023-03-01,2023-02-28,GOOGL,-13329.728785349838,6.664864392674919,6.664864392674919,13.329728785349838,0.09999999999999998
2023-03-01,2023-02-28,XLV,13329.728785349835,6.664864392674917,6.664864392674917,13.329728785349834,0.1
2023-04-03,2023-03-31,MSFT,13250.917100867566,6.625458550433783,6.625458550433783,13.250917100867566,0.2
2023-04-03,2023-03-31,NVDA,-13250.917100867566,6.625458550433783,6.625458550433783,13.250917100867566,0.0
2023-04-03,2023-03-31,META,13250.917100867566,6.625458550433783,6.625458550433783,13.250917100867566,0.2
2023-04-03,2023-03-31,GOOGL,13250.91710086757,6.625458550433785,6.625458550433785,13.25091710086757,0.2
2023-04-03,2023-03-31,JPM,26501.83420173512,13.25091710086756,13.25091710086756,26.50183420173512,0.19999999999999993
2023-04-03,2023-03-31,XLV,13250.917100867566,6.625458550433783,6.625458550433783,13.250917100867566,0.2
2023-05-01,2023-04-28,AAPL,27482.789591021952,13.741394795510976,13.741394795510976,27.48278959102195,0.2
2023-05-01,2023-04-28,NVDA,27482.789591021952,13.741394795510976,13.741394795510976,27.48278959102195,0.2
2023-05-01,2023-04-28,JPM,-27482.78959102194,13.74139479551097,13.74139479551097,27.48278959102194,0.0
2023-05-01,2023-04-28,XLV,-27482.789591021952,13.741394795510976,13.741394795510976,27.48278959102195,0.0
2023-06-01,2023-05-31,AAPL,-27461.99373347807,13.730996866739035,13.730996866739035,27.46199373347807,0.0
2023-06-01,2023-05-31,NVDA,-27461.99373347807,13.730996866739035,13.730996866739035,27.46199373347807,0.0
2023-06-01,2023-05-31,AMZN,27461.99373347807,13.730996866739035,13.730996866739035,27.46199373347807,0.2
2023-06-01,2023-05-31,JPM,27461.993733478062,13.730996866739032,13.730996866739032,27.461993733478064,0.19999999999999996
2023-08-01,2023-07-31,AAPL,27782.491235294252,13.891245617647126,13.891245617647126,27.782491235294252,0.2
2023-08-01,2023-07-31,JPM,-27782.491235294245,13.891245617647122,13.891245617647122,27.782491235294245,0.0
2023-09-01,2023-08-31,AAPL,-28392.2023617499,14.196101180874951,14.196101180874951,28.392202361749902,0.0
2023-09-01,2023-08-31,MSFT,-28392.2023617499,14.196101180874951,14.196101180874951,28.392202361749902,0.0
2023-09-01,2023-08-31,NVDA,14196.10118087495,7.0980505904374755,7.0980505904374755,14.196101180874951,0.1
2023-09-01,2023-08-31,AMZN,-14196.10118087495,7.0980505904374755,7.0980505904374755,14.196101180874951,0.1
2023-09-01,2023-08-31,META,-14196.10118087495,7.0980505904374755,7.0980505904374755,14.196101180874951,0.1
2023-09-01,2023-08-31,GOOGL,-14196.10118087495,7.0980505904374755,7.0980505904374755,14.196101180874951,0.1
2023-09-01,2023-08-31,XLV,14196.101180874946,7.098050590437473,7.098050590437473,14.196101180874946,0.09999999999999998
2023-10-02,2023-09-29,AAPL,14413.121233823087,7.206560616911544,7.206560616911544,14.413121233823087,0.1
2023-10-02,2023-09-29,META,-14413.121233823087,7.206560616911544,7.206560616911544,14.413121233823087,0.0
2023-11-01,2023-10-31,AAPL,14430.721304035598,7.215360652017799,7.215360652017799,14.430721304035599,0.2
2023-11-01,2023-10-31,MSFT,28861.442608071196,14.430721304035599,14.430721304035599,28.861442608071197,0.2
2023-11-01,2023-10-31,NVDA,14430.721304035598,7.215360652017799,7.215360652017799,14.430721304035599,0.2
2023-11-01,2023-10-31,AMZN,-14430.721304035598,7.215360652017799,7.215360652017799,14.430721304035599,0.0
2023-11-01,2023-10-31,GOOGL,14430.721304035598,7.215360652017799,7.215360652017799,14.430721304035599,0.2
2023-11-01,2023-10-31,XLV,14430.721304035598,7.215360652017799,7.215360652017799,14.430721304035599,0.19999999999999998
2023-12-01,2023-11-30,AAPL,-28976.347711033537,14.488173855516768,14.488173855516768,28.976347711033537,0.0
2023-12-01,2023-11-30,AMZN,28976.347711033537,14.488173855516768,14.488173855516768,28.976347711033537,0.2
2024-01-01,2023-12-29,AAPL,30833.619371925866,15.416809685962933,15.416809685962933,30.833619371925867,0.2
2024-01-01,2023-12-29,MSFT,-30833.619371925866,15.416809685962933,15.416809685962933,30.833619371925867,0.0
2024-02-01,2024-01-31,META,30371.456556812594,15.185728278406298,15.185728278406298,30.371456556812596,0.2
2024-02-01,2024-01-31,XLV,-30371.45655681259,15.185728278406296,15.185728278406296,30.371456556812593,0.0
2024-03-01,2024-02-29,AAPL,-30164.59209915096,15.08229604957548,15.08229604957548,30.16459209915096,0.0
2024-03-01,2024-02-29,MSFT,30164.59209915096,15.08229604957548,15.08229604957548,30.16459209915096,0.2
2024-04-01,2024-03-29,AAPL,29925.058631757853,14.962529315878927,14.962529315878927,29.925058631757853,0.2
2024-04-01,2024-03-29,META,-29925.058631757853,14.962529315878927,14.962529315878927,29.925058631757853,0.0
2024-04-01,2024-03-29,GOOGL,-29925.058631757853,14.962529315878927,14.962529315878927,29.925058631757853,0.0
2024-04-01,2024-03-29,XLV,29925.05863175785,14.962529315878925,14.962529315878925,29.92505863175785,0.19999999999999998
2024-05-01,2024-04-30,AAPL,-29389.703819916638,14.69485190995832,14.69485190995832,29.38970381991664,0.0
2024-05-01,2024-04-30,GOOGL,29389.70381991663,14.694851909958317,14.694851909958317,29.389703819916633,0.19999999999999996
2024-05-01,2024-04-30,JPM,29389.703819916638,14.69485190995832,14.69485190995832,29.38970381991664,0.2
2024-05-01,2024-04-30,XLV,-29389.703819916635,14.694851909958318,14.694851909958318,29.389703819916637,0.0
2024-06-03,2024-05-31,JPM,-28613.889348934958,14.306944674467479,14.306944674467479,28.613889348934958,0.0
2024-06-03,2024-05-31,XLV,28613.889348934947,14.306944674467474,14.306944674467474,28.613889348934947,0.19999999999999993
2024-07-01,2024-06-28,AAPL,29795.379914676058,14.897689957338029,14.897689957338029,29.795379914676058,0.2
2024-07-01,2024-06-28,GOOGL,-29795.379914676047,14.897689957338024,14.897689957338024,29.795379914676047,0.0
2024-10-01,2024-09-30,AAPL,-28780.910555520575,14.390455277760287,14.390455277760287,28.780910555520574,0.0
2024-10-01,2024-09-30,NVDA,-28780.910555520575,14.390455277760287,14.390455277760287,28.780910555520574,0.0
2024-10-01,2024-09-30,META,28780.910555520575,14.390455277760287,14.390455277760287,28.780910555520574,0.2
2024-10-01,2024-09-30,JPM,28780.910555520575,14.390455277760287,14.390455277760287,28.780910555520574,0.2
